<?xml version="1.0" encoding="UTF-8"?>
<beans xmlns="http://www.springframework.org/schema/beans"
	xmlns:xsi="http://www.w3.org/2001/XMLSchema-instance" xmlns:mvc="http://www.springframework.org/schema/mvc"
	xmlns:context="http://www.springframework.org/schema/context"
	xsi:schemaLocation="http://www.springframework.org/schema/beans http://www.springframework.org/schema/beans/spring-beans-3.0.xsd
		http://www.springframework.org/schema/mvc http://www.springframework.org/schema/mvc/spring-mvc-3.0.xsd	
		http://www.springframework.org/schema/context http://www.springframework.org/schema/context/spring-context-3.0.xsd">

	<!-- Scans within the base package of the application for @Components to 
		configure as beans -->
	
	<context:component-scan base-package="com.mybank.myapp" />


	<bean id="handlerAdapter"
		class="org.springframework.web.servlet.mvc.SimpleControllerHandlerAdapter" />




	<bean id="simpleUrlMapping"
		class="org.springframework.web.servlet.handler.SimpleUrlHandlerMapping">
		<property name="mappings">
			<props>
				<prop key="/donorreg.htm">addDonorController</prop>
				<prop key="/addorg.htm">addOrgController</prop>
				<prop key="/usernameAlreadyExists.htm">usernameExistController</prop>				
				<prop key="/emplogin.htm">empLoginController</prop>
				<prop key="/addadmin.htm">addAdminController</prop>
				
				<prop key="/addemp.htm">addEmpController</prop>
				<prop key="/adminhome.htm">adminHomeController</prop>
				<prop key="/superadminhome.htm">superAdminHomeController</prop>
				<prop key="/donorlogin.htm">donorLoginController</prop>
				<prop key="/scheduledonation.htm">scheduleDontationController</prop> 
				<prop key="/donorhome.htm">donorHomeController</prop>
				<prop key="/viewempscreen.htm">viewEmpController</prop>
				<prop key="/updateempscreen.htm">updateEmpController</prop>
				<prop key="/disableordelete.htm">disordelEmpController</prop>
				<prop key="/assignschedules.htm">assignScheduleController</prop>
				<prop key="/createdonationdetails.htm">createDonationDetailsController</prop>
				<prop key="/viewandprocessreq.htm">viewAndProcessReqController</prop>
				<prop key="/processreq.htm">processReqController</prop>
				<prop key="/viewprocessedreq.htm">processedRequestController</prop>
				<prop key="/viewandprocesslabreq.htm">viewAndProcessLabReqController</prop>
				<prop key="/testreq.htm">processLabReqController</prop>
				<prop key="/viewprocessedlabreq.htm">processedLabReqController</prop>
				<prop key="/inventoryhome.htm">inventoryHomeController</prop>
				<prop key="/hospitalhome.htm">hospitalHomeController</prop>
				<prop key="/createreq.htm">hospitalRequestController</prop>
				<prop key="/createorder.htm">hospitalOrderController</prop>
				<prop key="/viewreqfromhos.htm">viewHospitalRequestController</prop>
				<prop key="/viewrequest.htm">viewHospitalOrderRequestController</prop>
				<prop key="/vieworder.htm">viewOrderController</prop>
				<prop key="/mail.htm">mailController</prop>
				<prop key="/viewempscreensa.htm">viewEmpSAController</prop>
				<prop key="/updateempscreensa.htm">updateEmpSAController</prop>
				<prop key="/disableordeletesa.htm">disordelEmpSAController</prop>
				<prop key="/logout.htm">logoutController</prop>
				<prop key="/home.htm">homepageController</prop>
				<prop key="/aboutus.htm">aboutUsController</prop>
				<prop key="/recephomepage.htm">recepHomeController</prop>
				<prop key="/nursehomepage.htm">nurseHomeController</prop>
				
				
				

			</props>
		</property>
	</bean>
	
	<bean name="logoutController" class="com.mybank.myapp.controller.LogOutController"></bean>
	<bean name="aboutUsController" class="com.mybank.myapp.controller.AboutUsController"></bean>
	<bean name="homepageController" class="com.mybank.myapp.controller.HomePageController"></bean>
	
	
	<bean name="mailController" class="com.mybank.myapp.controller.MailController">
		<property name="inventoryService">
			<ref bean="inventoryService" />
		</property>
		<property name="userAccountService">
			<ref bean="userAccountService" />
		</property>
		<property name="sessionForm">
			<value>true</value>
		</property>
		<property name="commandName">
			<value>donor</value>
		</property>
		<property name="commandClass">
			<value>com.mybank.myapp.pojo.Donor</value>
		</property>
		<property name="formView">
			<value>mail</value>
		</property>
		<property name="successView">
			<value>mailSent</value>
		</property>
		
	</bean>
	
	<bean name="addDonorController" class="com.mybank.myapp.controller.addDonorController">
		<property name="userAccountService">
			<ref bean="userAccountService" />
		</property>
		<property name="organizationService">
			<ref bean="organizationService" />
		</property>
		<property name="sessionForm">
			<value>true</value>
		</property>
		<property name="commandName">
			<value>donor</value>
		</property>
		<property name="commandClass">
			<value>com.mybank.myapp.pojo.Donor</value>
		</property>
		<property name="formView">
			<value>addDonor</value>
		</property>
		<property name="successView">
			<value>registrationSuccessfulDonor</value>
		</property>
		<!--  <property name="validator"><bean class="com.mybank.myapp.validators.DonorValidator"/></property> -->
	</bean>
	<bean name="usernameExistController" class="com.mybank.myapp.controller.usernameExistController"></bean>
	
	
	<bean name="empLoginController" class="com.mybank.myapp.controller.empLoginController">
	<property name="userAccountService">
			<ref bean="userAccountService" />
		</property>
		
		<property name="sessionForm">
			<value>true</value>
		</property>
		<property name="commandName">
			<value>user</value>
		</property>
		<property name="commandClass">
			<value>com.mybank.myapp.pojo.User</value>
		</property>
		<property name="formView">
			<value>employeeLogin</value>
		</property>
		<property name="successView">
			<value>superAdminHomePage</value>
		</property>
		
	</bean>
	
	<bean name="addAdminController" class="com.mybank.myapp.controller.addAdminController">
		<property name="userAccountService">
			<ref bean="userAccountService" />
		</property>
		<property name="organizationService">
			<ref bean="organizationService" />
		</property>
		<property name="roleService">
			<ref bean="roleService" />
		</property>
		<property name="sessionForm">
			<value>true</value>
		</property>
		<property name="commandName">
			<value>user</value>
		</property>
		<property name="commandClass">
			<value>com.mybank.myapp.pojo.User</value>
		</property>
		<property name="formView">
			<value>addAdmin</value>
		</property>
		<property name="successView">
			<value>adminCreated</value>
		</property>
		<!-- <property name="validator"><bean class="com.mybank.myapp.validators.UserValidator"/></property> -->
	</bean>
	<bean name="addOrgController" class="com.mybank.myapp.controller.AddOrgController">
		<property name="userAccountService">
			<ref bean="userAccountService" />
		</property>
		<property name="organizationService">
			<ref bean="organizationService" />
		</property>
		<property name="roleService">
			<ref bean="roleService" />
		</property>
		<property name="sessionForm">
			<value>true</value>
		</property>
		<property name="commandName">
			<value>organization</value>
		</property>
		<property name="commandClass">
			<value>com.mybank.myapp.pojo.Organization</value>
		</property>
		<property name="formView">
			<value>addOrg</value>
		</property>
		<property name="successView">
			<value>orgCreated</value>
		</property>
	</bean>
	<bean name="superAdminHomeController" class="com.mybank.myapp.controller.SuperAdminHomeController">
	<property name="userAccountService">
			<ref bean="userAccountService" />
		</property>
		</bean>
		
		<bean name="recepHomeController" class="com.mybank.myapp.controller.recepHomeController">
	<property name="userAccountService">
			<ref bean="userAccountService" />
		</property>
		</bean>
		
		<bean name="nurseHomeController" class="com.mybank.myapp.controller.NurseHomeController">
	<property name="userAccountService">
			<ref bean="userAccountService" />
		</property>
		</bean>
	
	
	<bean name="addEmpController" class="com.mybank.myapp.controller.AddEmployeeController">
		<property name="userAccountService">
			<ref bean="userAccountService" />
		</property>
		<property name="organizationService">
			<ref bean="organizationService" />
		</property>
		<property name="roleService">
			<ref bean="roleService" />
		</property>
		<property name="sessionForm">
			<value>true</value>
		</property>
		<property name="commandName">
			<value>user</value>
		</property>
		<property name="commandClass">
			<value>com.mybank.myapp.pojo.User</value>
		</property>
		<property name="formView">
			<value>addEmp</value>
		</property>
		<property name="successView">
			<value>empCreated</value>
		</property>
		 <!-- <property name="validator"><bean class="com.mybank.myapp.validators.UserValidator"/></property> -->
	</bean>
	
	<bean name="adminHomeController" class="com.mybank.myapp.controller.AdminHomeController">
	<property name="userAccountService">
			<ref bean="userAccountService" />
		</property>
		</bean>
		
	<bean name="donorLoginController" class="com.mybank.myapp.controller.DonorLoginController">
	
	
			<property name="userAccountService">
			<ref bean="userAccountService" />
		</property>
		
		<property name="sessionForm">
			<value>true</value>
		</property>
		<property name="commandName">
			<value>donor</value>
		</property>
		<property name="commandClass">
			<value>com.mybank.myapp.pojo.Donor</value>
		</property>
		<property name="formView">
			<value>donorLogin</value>
		</property>
		<property name="successView">
			<value>donorHomePage</value>
		</property>
	</bean>
	
	<bean name="scheduleDontationController" class="com.mybank.myapp.controller.ScheduleDonationController">
	
			<property name="organizationService">
			<ref bean="organizationService" />
		</property>
		<property name="userAccountService">
			<ref bean="userAccountService" />
		</property>
		
		<property name="scheduleService">
			<ref bean="scheduleService" />
		</property>
		<property name="sessionForm">
			<value>true</value>
		</property>
		<property name="commandName">
			<value>schedule</value>
		</property>
		<property name="commandClass">
			<value>com.mybank.myapp.pojo.Schedule</value>
		</property>
		<property name="formView">
			<value>scheduleDonation</value>
		</property>
		<property name="successView">
			<value>scheduleSuccessful</value>
		</property>
	</bean>
	
	<bean name="donorHomeController" class="com.mybank.myapp.controller.donorHomeController">
	<property name="userAccountService">
			<ref bean="userAccountService" />
		</property></bean>
		
		
		
		<bean name="viewEmpController" class="com.mybank.myapp.controller.ViewEmployeeController">
		<property name="userAccountService">
			<ref bean="userAccountService" />
		</property>
		</bean>
		
		<bean name="updateEmpController" class="com.mybank.myapp.controller.UpdateEmployeeController">
		<property name="userAccountService">
			<ref bean="userAccountService" />
		</property>
		<property name="organizationService">
			<ref bean="organizationService" />
		</property>
		<property name="roleService">
			<ref bean="roleService" />
		</property>
		<property name="sessionForm">
			<value>true</value>
		</property>
		<property name="commandName">
			<value>user</value>
		</property>
		<property name="commandClass">
			<value>com.mybank.myapp.pojo.User</value>
		</property>
		<property name="formView">
			<value>updateEmp</value>
		</property>
		<property name="successView">
			<value>empUpdated</value>
		</property>
	</bean>
	
	<bean name="disordelEmpController" class="com.mybank.myapp.controller.DisorDelEmployeeController">
		<property name="userAccountService">
			<ref bean="userAccountService" />
		</property>
		</bean>
		
	
		
		
		<bean name="viewEmpSAController" class="com.mybank.myapp.controller.ViewEmployeeSAController">
		<property name="userAccountService">
			<ref bean="userAccountService" />
		</property>
		</bean>
		
		<bean name="updateEmpSAController" class="com.mybank.myapp.controller.UpdateEmployeeSAController">
		<property name="userAccountService">
			<ref bean="userAccountService" />
		</property>
		<property name="organizationService">
			<ref bean="organizationService" />
		</property>
		<property name="roleService">
			<ref bean="roleService" />
		</property>
		<property name="sessionForm">
			<value>true</value>
		</property>
		<property name="commandName">
			<value>user</value>
		</property>
		<property name="commandClass">
			<value>com.mybank.myapp.pojo.User</value>
		</property>
		<property name="formView">
			<value>updateEmp</value>
		</property>
		<property name="successView">
			<value>empUpdated</value>
		</property>
	</bean>
	
	<bean name="disordelEmpSAController" class="com.mybank.myapp.controller.DisorDelEmployeeSAController">
		<property name="userAccountService">
			<ref bean="userAccountService" />
		</property>
		</bean>
		
		
			
		<bean name="assignScheduleController" class="com.mybank.myapp.controller.AssignScheduleController">
		<property name="userAccountService">
			<ref bean="userAccountService" />
		</property>
		<property name="organizationService">
			<ref bean="organizationService" />
		</property>
		<property name="scheduleService">
			<ref bean="scheduleService" />
		</property>
			
	</bean>
	
		
		<bean name="createDonationDetailsController" class="com.mybank.myapp.controller.CreateDonationDetailsController">
		<property name="userAccountService">
			<ref bean="userAccountService" />
		</property>
		<property name="organizationService">
			<ref bean="organizationService" />
		</property>
		<property name="scheduleService">
			<ref bean="scheduleService" />
		</property>
		<property name="donationDetailsService">
			<ref bean="donationdetailsService" />
		</property>
			
        <property name="sessionForm">
			<value>true</value>
		</property>
		<property name="commandName">
			<value>donationdetails</value>
		</property>
		<property name="commandClass">
			<value>com.mybank.myapp.pojo.DonationDetails</value>
		</property>
		<property name="formView">
			<value>createOrAssignSchedule</value>
		</property>
		<property name="successView">
			<value>appointmentConfirmed</value>
		</property>
	</bean>
	
	<bean name="viewAndProcessReqController" class="com.mybank.myapp.controller.ViewAndProcessReqController">
		<property name="userAccountService">
			<ref bean="userAccountService" />
		</property>
		<property name="organizationService">
			<ref bean="organizationService" />
		</property>
		<property name="scheduleService">
			<ref bean="scheduleService" />
		</property>
			<property name="donationDetailsService">
			<ref bean="donationdetailsService" />
		</property>
	</bean>
	
	<bean name="processReqController" class="com.mybank.myapp.controller.ProcessReqController">
		<property name="userAccountService">
			<ref bean="userAccountService" />
		</property>
		<property name="organizationService">
			<ref bean="organizationService" />
		</property>
		<property name="scheduleService">
			<ref bean="scheduleService" />
		</property>
			<property name="donationDetailsService">
			<ref bean="donationdetailsService" />
		</property>
			<property name="testDetailsService">
			<ref bean="testdetailsService" />
		</property>
		
		 <property name="sessionForm">
			<value>true</value>
		</property>
		<property name="commandName">
			<value>testdetails</value>
		</property>
		<property name="commandClass">
			<value>com.mybank.myapp.pojo.TestDetails</value>
		</property>
		<property name="formView">
			<value>processReq</value>
		</property>
		<property name="successView">
			<value>donationComplete</value>
		</property>
	</bean>

<bean name="processedRequestController" class="com.mybank.myapp.controller.ProcessedRequestController">
		<property name="userAccountService">
			<ref bean="userAccountService" />
		</property>
		<property name="organizationService">
			<ref bean="organizationService" />
		</property>
		<property name="scheduleService">
			<ref bean="scheduleService" />
		</property>
			<property name="donationDetailsService">
			<ref bean="donationdetailsService" />
		</property>
	</bean>
	<bean name="viewAndProcessLabReqController" class="com.mybank.myapp.controller.ViewAndProcessLabRequestController">
		<property name="userAccountService">
			<ref bean="userAccountService" />
		</property>
		<property name="organizationService">
			<ref bean="organizationService" />
		</property>
		<property name="scheduleService">
			<ref bean="scheduleService" />
		</property>
			<property name="donationDetailsService">
			<ref bean="donationdetailsService" />
		</property>
			<property name="testDetailsService">
			<ref bean="testdetailsService" />
		</property>
	</bean>
		<bean name="processLabReqController" class="com.mybank.myapp.controller.ProcessLabReqController">
		<property name="userAccountService">
			<ref bean="userAccountService" />
		</property>
		<property name="organizationService">
			<ref bean="organizationService" />
		</property>
		<property name="scheduleService">
			<ref bean="scheduleService" />
		</property>
			<property name="donationDetailsService">
			<ref bean="donationdetailsService" />
		</property>
			<property name="testDetailsService">
			<ref bean="testdetailsService" />
		</property>
		<property name="inventoryService">
			<ref bean="inventoryService" />
		</property>
		
		 <property name="sessionForm">
			<value>true</value>
		</property>
		<property name="commandName">
			<value>testdetail</value>
		</property>
		<property name="commandClass">
			<value>com.mybank.myapp.pojo.TestDetails</value>
		</property>
		<property name="formView">
			<value>labTestReq</value>
		</property>
		<property name="successView">
			<value>testComplete</value>
		</property>
	</bean>
		
		<bean name="processedLabReqController" class="com.mybank.myapp.controller.ProcessedLabReqController">
		<property name="userAccountService">
			<ref bean="userAccountService" />
		</property>
		<property name="organizationService">
			<ref bean="organizationService" />
		</property>
		<property name="scheduleService">
			<ref bean="scheduleService" />
		</property>
			<property name="donationDetailsService">
			<ref bean="donationdetailsService" />
		</property>
		<property name="testDetailsService">
			<ref bean="testdetailsService" />
		</property>
	</bean>
	
	<bean name="inventoryHomeController" class="com.mybank.myapp.controller.InventoryHomeController">
	<property name="inventoryService">
			<ref bean="inventoryService" />
		</property>
		<property name="testDetailsService">
			<ref bean="testdetailsService" />
		</property>
		</bean>
		<bean name="hospitalHomeController" class="com.mybank.myapp.controller.HospitalHomeController">
	<property name="inventoryService">
			<ref bean="inventoryService" />
		</property>
		<property name="testDetailsService">
			<ref bean="testdetailsService" />
		</property>
		<property name="hospitalService">
			<ref bean="hospitalService" />
		</property>
		</bean>
		
		<bean name="hospitalRequestController" class="com.mybank.myapp.controller.HospitalRequestController">
			 
			 	<property name="hospitalService">
			<ref bean="hospitalService" />
		</property>
			 <property name="sessionForm">
			<value>true</value>
		</property>
		<property name="commandName">
			<value>hosrequest</value>
		</property>
		<property name="commandClass">
			<value>com.mybank.myapp.pojo.HosRequest</value>
		</property>
		<property name="formView">
			<value>hospitalRequest</value>
		</property>
		<property name="successView">
			<value>hospitalRequest</value>
		</property>	
		</bean>
		
		<bean name="hospitalOrderController" class="com.mybank.myapp.controller.HospitalOrderController">
			 
          <property name="hospitalService">
			<ref bean="hospitalService" />
		</property>		
		
		 <property name="sessionForm">
			<value>true</value>
		</property>
		<property name="commandName">
			<value>hosorder</value>
		</property>
		<property name="commandClass">
			<value>com.mybank.myapp.pojo.HosOrder</value>
		</property>
		<property name="formView">
			<value>hospitalOrder</value>
		</property>
		<property name="successView">
			<value>orderCreated</value>
		</property>	
		</bean>	
		
		<bean name="viewHospitalRequestController" class="com.mybank.myapp.controller.ViewHospitalRequestController">
	 <property name="hospitalService">
			<ref bean="hospitalService" />
		</property>		
		</bean>
		
			<bean name="viewHospitalOrderRequestController" class="com.mybank.myapp.controller.ViewHosOrderRequestController">
	 <property name="hospitalService">
			<ref bean="hospitalService" />
		</property>		
		</bean>
		
		<bean name="viewOrderController" class="com.mybank.myapp.controller.ViewOrderController">
	 <property name="hospitalService">
			<ref bean="hospitalService" />
		</property>		
		</bean>
		
		
</beans>

