<?xml version="1.0"?>
<!DOCTYPE hibernate-mapping PUBLIC "-//Hibernate/Hibernate Mapping DTD 3.0//EN"
"http://hibernate.sourceforge.net/hibernate-mapping-3.0.dtd">
<!-- Generated Apr 13, 2011 8:04:05 PM by Hibernate Tools 3.4.0.CR1 -->
<hibernate-mapping>
    <class name="com.mybank.myapp.pojo.DonationDetails" table="DONATIONDETAILS" lazy="false">
        <id name="donationid" type="long">
            <column name="DONATIONID" />
            <generator class="assigned" />
        </id>
        <property name="extractedby" type="java.lang.String">
            <column name="EXTRACTEDBY" />
        </property>
        <property name="donationdate" type="java.util.Date">
            <column name="DONATIONDATE" />
        </property>
        <property name="bloodproduct" type="java.lang.String">
            <column name="BLOODPRODUCT" />
        </property>
        <property name="donationstatus" type="java.lang.String">
            <column name="DONATIONSTATUS" />
        </property>
        <property name="barcode" type="java.lang.String">
            <column name="BARCODE" />
        </property>
        <many-to-one name="schedule" class="com.mybank.myapp.pojo.Schedule" fetch="join">
            <column name="SCHEDULE" />
        </many-to-one>
    </class>
</hibernate-mapping>
