<?xml version="1.0"?>
<!DOCTYPE hibernate-mapping PUBLIC "-//Hibernate/Hibernate Mapping DTD 3.0//EN"
"http://hibernate.sourceforge.net/hibernate-mapping-3.0.dtd">
<!-- Generated Apr 22, 2011 4:50:12 PM by Hibernate Tools 3.4.0.CR1 -->
<hibernate-mapping>
    <class name="com.mybank.myapp.pojo.HosOrder" table="HOSORDER">
        <id name="orderid" type="int">
            <column name="ORDERID" />
            <generator class="native" />
        </id>
        <property name="orderdate" type="java.lang.String">
            <column name="ORDERDATE" />
        </property>
        <property name="orderstatus" type="java.lang.String">
            <column name="ORDERSTATUS" />
        </property>
        <property name="Hospitalname" type="java.lang.String">
            <column name="HOSPITALNAME" />
        </property>
        <property name="bloodbankname" type="java.lang.String">
            <column name="BLOODBANKNAME" />
        </property>
        <property name="amount" type="int">
            <column name="AMOUNT" />
        </property>
                </class>
</hibernate-mapping>
