<?xml version="1.0"?>
<!DOCTYPE hibernate-mapping PUBLIC "-//Hibernate/Hibernate Mapping DTD 3.0//EN"
"http://hibernate.sourceforge.net/hibernate-mapping-3.0.dtd">
<!-- Generated Apr 24, 2011 6:55:53 PM by Hibernate Tools 3.4.0.CR1 -->
<hibernate-mapping>
    <class name="com.mybank.myapp.pojo.HosRequest" table="HOSREQUEST">
        <id name="reqid" type="int">
            <column name="REQID" />
            <generator class="native" />
        </id>
        <property name="bloodgroup" type="java.lang.String">
            <column name="BLOODGROUP" />
        </property>
        <property name="producttype" type="java.lang.String">
            <column name="PRODUCTTYPE" />
        </property>
        <property name="quantity" type="int">
            <column name="QUANTITY" />
        </property>
        <property name="hosorder" type="int">
            <column name="HOSORDER" />
        </property>
    </class>
</hibernate-mapping>
