<?xml version="1.0"?>
<!DOCTYPE hibernate-mapping PUBLIC "-//Hibernate/Hibernate Mapping DTD 3.0//EN"
"http://hibernate.sourceforge.net/hibernate-mapping-3.0.dtd">
<!-- Generated Apr 17, 2011 5:11:17 AM by Hibernate Tools 3.4.0.CR1 -->
<hibernate-mapping>
    <class name="com.mybank.myapp.pojo.Inventory" table="INVENTORY" lazy="false">
        <id name="inventoryid" type="long">
            <column name="INVENTORYID" />
            <generator class="assigned" />
        </id>
        <property name="bloodgrp" type="java.lang.String">
            <column name="BLOODGRP" />
        </property>
        <property name="wbcquantity" type="int">
            <column name="WBCQUANTITY" />
        </property>
        <property name="rbcquantity" type="int">
            <column name="RBCQUANTITY" />
        </property>
        <property name="plateletsquantity" type="int">
            <column name="PLATELETSQUANTITY" />
        </property>
        <property name="wholebloodquantity" type="int">
            <column name="WHOLEBLOODQUANTITY" />
        </property>
    </class>
</hibernate-mapping>
