<?xml version="1.0"?>
<!DOCTYPE hibernate-mapping PUBLIC "-//Hibernate/Hibernate Mapping DTD 3.0//EN"
"http://hibernate.sourceforge.net/hibernate-mapping-3.0.dtd">
<!-- Generated Apr 7, 2011 6:46:28 PM by Hibernate Tools 3.4.0.CR1 -->
<hibernate-mapping>
    <class name="com.mybank.myapp.pojo.Organization" table="organization" lazy="false">
        <id name="orgid" type="long">
            <column name="ORGID" />
            <generator class="native" />
        </id>
        <property name="orgname" type="java.lang.String">
            <column name="ORGNAME" />
        </property>
        <property name="zipcode" type="int">
            <column name="ZIPCODE" />
        </property>
            </class>
</hibernate-mapping>
