<?xml version="1.0"?>
<!DOCTYPE hibernate-mapping PUBLIC "-//Hibernate/Hibernate Mapping DTD 3.0//EN"
"http://hibernate.sourceforge.net/hibernate-mapping-3.0.dtd">
<!-- Generated Apr 7, 2011 6:46:28 PM by Hibernate Tools 3.4.0.CR1 -->
<hibernate-mapping>
    <class name="com.mybank.myapp.pojo.Role" table="ROLE">
        <id name="roleid" type="long">
            <column name="ROLEID" />
            <generator class="assigned" />
        </id>
        <property name="role" type="java.lang.String">
            <column name="ROLE" />
        </property>
    </class>
</hibernate-mapping>
