<?xml version="1.0"?>
<!DOCTYPE hibernate-mapping PUBLIC "-//Hibernate/Hibernate Mapping DTD 3.0//EN"
"http://hibernate.sourceforge.net/hibernate-mapping-3.0.dtd">
<!-- Generated Apr 7, 2011 6:46:28 PM by Hibernate Tools 3.4.0.CR1 -->
<hibernate-mapping>
    <class name="com.mybank.myapp.pojo.Schedule" table="SCHEDULE" lazy="false">
        <id name="scheduleid" type="long">
            <column name="SCHEDULEID" />
            <generator class="assigned" />
        </id>
        <property name="scheduledate" type="java.util.Date">
            <column name="SCHEDULEDATE" />
        </property>
        <property name="scheduletime" type="java.lang.String">
            <column name="SCHEDULETIME" />
        </property>
        <many-to-one name="donor" class="com.mybank.myapp.pojo.Donor" foreign-key="FK_SCHEDULE_DONOR" fetch="join">
            <column name="DONOR" />
        </many-to-one>
        <many-to-one name="org" class="com.mybank.myapp.pojo.Organization" foreign-key="FK_SCHEDULE_ORG" fetch="join">
            <column name="ORG" />
        </many-to-one>
        <property name="status" type="java.lang.String">
            <column name="STATUS" />
            </property>
             <property name="assignedstatus" type="java.lang.String">
            <column name="ASSIGNEDSTATUS" />
        </property>
    </class>
</hibernate-mapping>
