<?xml version="1.0"?>
<!DOCTYPE hibernate-mapping PUBLIC "-//Hibernate/Hibernate Mapping DTD 3.0//EN"
"http://hibernate.sourceforge.net/hibernate-mapping-3.0.dtd">
<!-- Generated Apr 13, 2011 8:04:05 PM by Hibernate Tools 3.4.0.CR1 -->
<hibernate-mapping>
    <class name="com.mybank.myapp.pojo.TestDetails" table="TESTDETAILS" lazy="false">
        <id name="testid" type="long">
            <column name="TESTID" />
            <generator class="native" />
        </id>
        <property name="testedby" type="java.lang.String">
            <column name="TESTEDBY" />
        </property>
        <property name="testdate" type="java.lang.String">
            <column name="TESTDATE" />
        </property>
        <property name="testresult" type="java.lang.String">
            <column name="TESTRESULT" />
        </property>
        <property name="addedtoinventory" type="java.lang.String">
            <column name="ADDEDTOINVENTORY" />
        </property>
        <many-to-one name="donationdetails" class="com.mybank.myapp.pojo.DonationDetails" fetch="join">
            <column name="DONATIONDETAILS" />
        </many-to-one>
    </class>
</hibernate-mapping>
