<?xml version="1.0"?>
<!DOCTYPE hibernate-mapping PUBLIC "-//Hibernate/Hibernate Mapping DTD 3.0//EN"
"http://hibernate.sourceforge.net/hibernate-mapping-3.0.dtd">
<!-- Generated Apr 7, 2011 6:46:28 PM by Hibernate Tools 3.4.0.CR1 -->
<hibernate-mapping>
    <class name="com.mybank.myapp.pojo.User" table="USER">
        <id name="empid" type="long">
            <column name="EMPID" />
            <generator class="assigned" />
        </id>
        <property name="firstname" type="java.lang.String">
            <column name="FIRSTNAME" />
        </property>
        <property name="lastname" type="java.lang.String">
            <column name="LASTNAME" />
        </property>
        <property name="ssn" type="int">
            <column name="SSN" />
        </property>
        <property name="addressline1" type="java.lang.String">
            <column name="ADDRESSLINE1" />
        </property>
        <property name="addressline2" type="java.lang.String">
            <column name="ADDRESSLINE2" />
        </property>
        <property name="city" type="java.lang.String">
            <column name="CITY" />
        </property>
        <property name="state" type="java.lang.String">
            <column name="STATE" />
        </property>
        <property name="zipcode" type="int">
            <column name="ZIPCODE" />
        </property>
        <property name="username" type="java.lang.String">
            <column name="USERNAME" />
        </property>
        <property name="password" type="java.lang.String">
            <column name="PASSWORD" />
        </property>
        <property name="status" type="java.lang.String">
            <column name="STATUS" />
        </property>
        <many-to-one name="role" class="com.mybank.myapp.pojo.Role" foreign-key="FK_USER_ROLE" fetch="join">
            <column name="ROLE" />
        </many-to-one>
        <property name="phno" type="int">
            <column name="PHNO" />
        </property>
        <many-to-one name="org" class="com.mybank.myapp.pojo.Organization" foreign-key="FK_USER_ORG" fetch="join">
            <column name="ORG" />
        </many-to-one>
    </class>
</hibernate-mapping>
