<?xml version="1.0" encoding="UTF-8"?>
<beans xmlns="http://www.springframework.org/schema/beans"
	xmlns:xsi="http://www.w3.org/2001/XMLSchema-instance"
	xsi:schemaLocation="http://www.springframework.org/schema/beans http://www.springframework.org/schema/beans/spring-beans-3.0.xsd">

	<!-- Root Context: defines shared resources visible to all other web components -->



	<bean id="dataSource"
		class="org.springframework.jdbc.datasource.DriverManagerDataSource">
		<property name="url" value="jdbc:mysql://localhost:3309/bloodbank" />
		<property name="username" value="root" />
		<property name="driverClassName" value="com.mysql.jdbc.Driver" />
		<property name="password" value="admin" />
	</bean>

	<bean id="sessionFactory"
		class="org.springframework.orm.hibernate3.LocalSessionFactoryBean">
		<property name="dataSource" ref="dataSource" />

		<property name="mappingResources">
			<list>
				<value>com/mybank/myapp/pojo/Donor.hbm.xml</value>
				<value>com/mybank/myapp/pojo/Role.hbm.xml</value>
				<value>com/mybank/myapp/pojo/Organization.hbm.xml</value>
				<value>com/mybank/myapp/pojo/User.hbm.xml</value>
				<value>com/mybank/myapp/pojo/DonationDetails.hbm.xml</value>
				<value>com/mybank/myapp/pojo/Schedule.hbm.xml</value>
				<value>com/mybank/myapp/pojo/TestDetails.hbm.xml</value>
				<value>com/mybank/myapp/pojo/Inventory.hbm.xml</value>
				<value>com/mybank/myapp/pojo/HosRequest.hbm.xml</value>
				<value>com/mybank/myapp/pojo/HosOrder.hbm.xml</value>
				

			</list>
		</property>

		<property name="hibernateProperties">
			<props>
				<prop key="hibernate.dialect">org.hibernate.dialect.MySQLInnoDBDialect</prop>
				<prop key="hibernate.show_sql">true</prop>
				<prop key="hibernate.generate_statistics">true</prop>
			</props>
		</property>

	</bean>

	<bean id="hibernateTemplate" class="org.springframework.orm.hibernate3.HibernateTemplate">
		<property name="sessionFactory" ref="sessionFactory" />
	</bean>
	<bean id="donorDAO" class="com.mybank.myapp.dao.DonorDAO">
		<property name="hibernateTemplate" ref="hibernateTemplate" />
	</bean>
	<bean id="roleDAO" class="com.mybank.myapp.dao.RoleDAO">
		<property name="hibernateTemplate" ref="hibernateTemplate" />
	</bean>
	<bean id="userDAO" class="com.mybank.myapp.dao.UserDAO">
		<property name="hibernateTemplate" ref="hibernateTemplate" />
	</bean>
	<bean id="scheduleDAO" class="com.mybank.myapp.dao.ScheduleDAO">
		<property name="hibernateTemplate" ref="hibernateTemplate" />
	</bean>
	<bean id="organizationDAO" class="com.mybank.myapp.dao.OrganizationDAO">
		<property name="hibernateTemplate" ref="hibernateTemplate" />
	</bean>
	<bean id="donationdetailsDAO" class="com.mybank.myapp.dao.DonationDetailsDAO">
		<property name="hibernateTemplate" ref="hibernateTemplate" />
	</bean>
	
	<bean id="testdetailsDAO" class="com.mybank.myapp.dao.TestDetailsDAO">
		<property name="hibernateTemplate" ref="hibernateTemplate" />
	</bean>
	
	<bean id="inventoryDAO" class="com.mybank.myapp.dao.InventoryDAO">
		<property name="hibernateTemplate" ref="hibernateTemplate" />
	</bean>
	<bean id="hosRequestDAO" class="com.mybank.myapp.dao.HosRequestDAO">
		<property name="hibernateTemplate" ref="hibernateTemplate" />
	</bean>
	<bean id="hosOrderDAO" class="com.mybank.myapp.dao.HosOrderDAO">
		<property name="hibernateTemplate" ref="hibernateTemplate" />
	</bean>
	


	<bean id="userAccountService" class="com.mybank.myapp.service.UserAccountService">
		<property name="donorDAO" ref="donorDAO" />
		<property name="userDAO" ref="userDAO" />
	</bean>

	<bean id="organizationService" class="com.mybank.myapp.service.OrganizationService">
		<property name="organizationDAO" ref="organizationDAO" />
	</bean>
	<bean id="roleService" class="com.mybank.myapp.service.RoleService">
		<property name="roleDAO" ref="roleDAO" />
	</bean>
	<bean id="scheduleService" class="com.mybank.myapp.service.ScheduleService">
		<property name="scheduleDAO" ref="scheduleDAO" />
	</bean>
	
	<bean id="donationdetailsService" class="com.mybank.myapp.service.DonationDetailsService">
		<property name="donationdetailsDAO" ref="donationdetailsDAO" />
	</bean>
	
	<bean id="testdetailsService" class="com.mybank.myapp.service.TestDetailsService">
		<property name="testdetailsDAO" ref="testdetailsDAO" />
	</bean>
	<bean id="inventoryService" class="com.mybank.myapp.service.InventoryService">
		<property name="inventoryDAO" ref="inventoryDAO" />
	</bean>
	<bean id="hospitalService" class="com.mybank.myapp.service.HospitalService">
		<property name="hosrequestDAO" ref="hosRequestDAO" />
		<property name="hosorderDAO" ref="hosOrderDAO" />
		<property name="organizationService" ref="organizationService" />
 		<property name="testDetailsService" ref="testdetailsService" />
	</bean>
	
	
</beans>
